step,kernel_ms,span_ms,internal_gap_ms
0,1.939071,1.949543,0.010472000000000037
1,1.934019,1.945126,0.011106999999999978
2,1.932583,1.943558,0.010974999999999957
3,1.934207,1.945158,0.010950999999999933
4,1.932902,1.943814,0.010912000000000033
5,1.933921,1.94487,0.010949000000000098
6,1.933704,1.944742,0.011037999999999881
7,1.934018,1.945094,0.011076000000000086
8,1.933826,1.945222,0.011395999999999962
9,1.933763,1.944742,0.010979000000000072
10,1.931426,1.942502,0.011075999999999864
11,1.933376,1.94391,0.010534000000000043
12,1.934667,1.945574,0.010907
13,1.934332,1.944998,0.010666000000000064
14,1.934371,1.945734,0.011363000000000012
15,1.933091,1.943878,0.010787000000000102
