timestamp, name, driver_version, pstate, clocks.current.sm [MHz], clocks.current.memory [MHz], temperature.gpu, power.draw [W], utilization.gpu [%]
2026/10/05 17:15:02.859, NVIDIA GeForce RTX 4060 Laptop GPU, 561.09, P8, 210 MHz, 405 MHz, 50, 1.86 W, 0 %
2026/10/05 17:15:03.066, NVIDIA GeForce RTX 4060 Laptop GPU, 561.09, P8, 210 MHz, 405 MHz, 50, 1.86 W, 0 %
2026/10/05 17:15:03.272, NVIDIA GeForce RTX 4060 Laptop GPU, 561.09, P8, 210 MHz, 405 MHz, 50, 1.86 W, 0 %
2026/10/05 17:15:03.479, NVIDIA GeForce RTX 4060 Laptop GPU, 561.09, P8, 210 MHz, 405 MHz, 50, 1.86 W, 0 %
2026/10/05 17:15:03.686, NVIDIA GeForce RTX 4060 Laptop GPU, 561.09, P8, 210 MHz, 405 MHz, 50, 1.95 W, 0 %
2026/10/05 17:15:03.908, NVIDIA GeForce RTX 4060 Laptop GPU, 561.09, P0, 2250 MHz, 8000 MHz, 50, 17.44 W, 0 %
2026/10/05 17:15:04.130, NVIDIA GeForce RTX 4060 Laptop GPU, 561.09, P0, 2610 MHz, 8000 MHz, 53, 33.78 W, 79 %
2026/10/05 17:15:04.353, NVIDIA GeForce RTX 4060 Laptop GPU, 561.09, P0, 2610 MHz, 8000 MHz, 53, 37.82 W, 71 %
2026/10/05 17:15:04.559, NVIDIA GeForce RTX 4060 Laptop GPU, 561.09, P0, 2610 MHz, 8000 MHz, 53, 40.01 W, 71 %
2026/10/05 17:15:04.782, NVIDIA GeForce RTX 4060 Laptop GPU, 561.09, P0, 2610 MHz, 8000 MHz, 56, 53.49 W, 83 %
2026/10/05 17:15:05.004, NVIDIA GeForce RTX 4060 Laptop GPU, 561.09, P0, 2610 MHz, 8000 MHz, 56, 52.03 W, 83 %
2026/10/05 17:15:05.211, NVIDIA GeForce RTX 4060 Laptop GPU, 561.09, P0, 2610 MHz, 8000 MHz, 56, 52.24 W, 85 %
2026/10/05 17:15:05.416, NVIDIA GeForce RTX 4060 Laptop GPU, 561.09, P0, 2610 MHz, 8000 MHz, 56, 52.53 W, 86 %
2026/10/05 17:15:05.638, NVIDIA GeForce RTX 4060 Laptop GPU, 561.09, P0, 2610 MHz, 8000 MHz, 56, 53.20 W, 87 %
2026/10/05 17:15:05.845, NVIDIA GeForce RTX 4060 Laptop GPU, 561.09, P0, 2610 MHz, 8000 MHz, 56, 52.89 W, 90 %
2026/10/05 17:15:06.052, NVIDIA GeForce RTX 4060 Laptop GPU, 561.09, P0, 2610 MHz, 8000 MHz, 56, 53.60 W, 89 %
2026/10/05 17:15:06.258, NVIDIA GeForce RTX 4060 Laptop GPU, 561.09, P0, 2610 MHz, 8000 MHz, 56, 52.65 W, 72 %
2026/10/05 17:15:06.479, NVIDIA GeForce RTX 4060 Laptop GPU, 561.09, P0, 2610 MHz, 8000 MHz, 56, 52.29 W, 89 %
2026/10/05 17:15:06.686, NVIDIA GeForce RTX 4060 Laptop GPU, 561.09, P0, 2610 MHz, 8000 MHz, 57, 52.31 W, 90 %
2026/10/05 17:15:06.892, NVIDIA GeForce RTX 4060 Laptop GPU, 561.09, P0, 2610 MHz, 8000 MHz, 57, 52.30 W, 90 %
2026/10/05 17:15:07.098, NVIDIA GeForce RTX 4060 Laptop GPU, 561.09, P0, 2610 MHz, 8000 MHz, 57, 51.93 W, 91 %
2026/10/05 17:15:07.304, NVIDIA GeForce RTX 4060 Laptop GPU, 561.09, P0, 2610 MHz, 8000 MHz, 57, 51.84 W, 91 %
2026/10/05 17:15:07.510, NVIDIA GeForce RTX 4060 Laptop GPU, 561.09, P0, 2610 MHz, 8000 MHz, 57, 51.75 W, 90 %
2026/10/05 17:15:07.716, NVIDIA GeForce RTX 4060 Laptop GPU, 561.09, P0, 2610 MHz, 8000 MHz, 57, 51.70 W, 91 %
2026/10/05 17:15:07.938, NVIDIA GeForce RTX 4060 Laptop GPU, 561.09, P0, 2610 MHz, 8000 MHz, 57, 51.65 W, 91 %
2026/10/05 17:15:08.144, NVIDIA GeForce RTX 4060 Laptop GPU, 561.09, P0, 2610 MHz, 8000 MHz, 57, 51.56 W, 92 %
2026/10/05 17:15:08.350, NVIDIA GeForce RTX 4060 Laptop GPU, 561.09, P0, 2610 MHz, 8000 MHz, 57, 50.69 W, 73 %
2026/10/05 17:15:08.557, NVIDIA GeForce RTX 4060 Laptop GPU, 561.09, P0, 2610 MHz, 8000 MHz, 59, 50.08 W, 78 %
2026/10/05 17:15:08.762, NVIDIA GeForce RTX 4060 Laptop GPU, 561.09, P0, 2610 MHz, 8000 MHz, 59, 50.83 W, 100 %
2026/10/05 17:15:08.968, NVIDIA GeForce RTX 4060 Laptop GPU, 561.09, P0, 2610 MHz, 8000 MHz, 59, 50.84 W, 89 %
2026/10/05 17:15:09.191, NVIDIA GeForce RTX 4060 Laptop GPU, 561.09, P0, 2610 MHz, 8000 MHz, 60, 51.79 W, 100 %
2026/10/05 17:15:09.397, NVIDIA GeForce RTX 4060 Laptop GPU, 561.09, P0, 2610 MHz, 8000 MHz, 60, 52.83 W, 97 %
2026/10/05 17:15:09.603, NVIDIA GeForce RTX 4060 Laptop GPU, 561.09, P0, 2610 MHz, 8000 MHz, 60, 53.23 W, 74 %
2026/10/05 17:15:09.808, NVIDIA GeForce RTX 4060 Laptop GPU, 561.09, P0, 2610 MHz, 8000 MHz, 57, 52.47 W, 79 %
2026/10/05 17:15:10.015, NVIDIA GeForce RTX 4060 Laptop GPU, 561.09, P0, 2610 MHz, 8000 MHz, 57, 52.69 W, 80 %
2026/10/05 17:15:10.237, NVIDIA GeForce RTX 4060 Laptop GPU, 561.09, P0, 2610 MHz, 8000 MHz, 57, 52.04 W, 85 %
2026/10/05 17:15:10.444, NVIDIA GeForce RTX 4060 Laptop GPU, 561.09, P0, 2610 MHz, 8000 MHz, 58, 51.60 W, 85 %
2026/10/05 17:15:10.650, NVIDIA GeForce RTX 4060 Laptop GPU, 561.09, P0, 2610 MHz, 8000 MHz, 58, 52.41 W, 87 %
2026/10/05 17:15:10.857, NVIDIA GeForce RTX 4060 Laptop GPU, 561.09, P0, 2610 MHz, 8000 MHz, 58, 52.81 W, 89 %
2026/10/05 17:15:11.063, NVIDIA GeForce RTX 4060 Laptop GPU, 561.09, P0, 2610 MHz, 8000 MHz, 58, 53.20 W, 89 %
